CREATE TABLE EMPLOYEES (
    EMPLOYEE_ID NUMBER PRIMARY KEY,
    FIRST_NAME VARCHAR2(50),
    LAST_NAME VARCHAR2(50),
    EMAIL VARCHAR2(100),
    PHONE_NUMBER VARCHAR2(20),
    HIRE_DATE DATE,
    JOB_ID VARCHAR2(10),
    SALARY NUMBER,
    COMMISSION_PCT NUMBER,
    MANAGER_ID NUMBER,
    DEPARTMENT_ID NUMBER
);

-- 데이터 삽입
INSERT INTO EMPLOYEES (EMPLOYEE_ID, FIRST_NAME, LAST_NAME, EMAIL, PHONE_NUMBER, HIRE_DATE, JOB_ID, SALARY, COMMISSION_PCT, MANAGER_ID, DEPARTMENT_ID) VALUES (100, 'Steven', 'King', 'SKING', '515.123.4567', TO_DATE('1987-06-17', 'YYYY-MM-DD'), 'AD_PRES', 24000, NULL, NULL, 90);
INSERT INTO EMPLOYEES (EMPLOYEE_ID, FIRST_NAME, LAST_NAME, EMAIL, PHONE_NUMBER, HIRE_DATE, JOB_ID, SALARY, COMMISSION_PCT, MANAGER_ID, DEPARTMENT_ID) VALUES (101, 'Neena', 'Kochhar', 'NKOCHHAR', '515.123.4568', TO_DATE('1989-09-21', 'YYYY-MM-DD'), 'AD_VP', 17000, NULL, 100, 90);
INSERT INTO EMPLOYEES (EMPLOYEE_ID, FIRST_NAME, LAST_NAME, EMAIL, PHONE_NUMBER, HIRE_DATE, JOB_ID, SALARY, COMMISSION_PCT, MANAGER_ID, DEPARTMENT_ID) VALUES (102, 'Lex', 'De Haan', 'LDEHAAN', '515.123.4569', TO_DATE('1993-01-13', 'YYYY-MM-DD'), 'AD_VP', 17000, NULL, 100, 90);
-- EMPLOYEES 테이블 데이터 추가
INSERT INTO EMPLOYEES (EMPLOYEE_ID, FIRST_NAME, LAST_NAME, EMAIL, PHONE_NUMBER, HIRE_DATE, JOB_ID, SALARY, COMMISSION_PCT, MANAGER_ID, DEPARTMENT_ID) VALUES (108, 'Nancy', 'Greenberg', 'NGREENBE', '515.127.4561', TO_DATE('2002-08-17', 'YYYY-MM-DD'), 'FI_MGR', 12000, NULL, 101, 100);
INSERT INTO EMPLOYEES (EMPLOYEE_ID, FIRST_NAME, LAST_NAME, EMAIL, PHONE_NUMBER, HIRE_DATE, JOB_ID, SALARY, COMMISSION_PCT, MANAGER_ID, DEPARTMENT_ID) VALUES (109, 'Daniel', 'Faviet', 'DFAVIET', '515.127.4562', TO_DATE('1994-08-16', 'YYYY-MM-DD'), 'FI_ACCOUNT', 9000, NULL, 108, 100);
INSERT INTO EMPLOYEES (EMPLOYEE_ID, FIRST_NAME, LAST_NAME, EMAIL, PHONE_NUMBER, HIRE_DATE, JOB_ID, SALARY, COMMISSION_PCT, MANAGER_ID, DEPARTMENT_ID) VALUES (110, 'John', 'Chen', 'JCHEN', '515.127.4563', TO_DATE('1997-09-28', 'YYYY-MM-DD'), 'FI_ACCOUNT', 8200, NULL, 108, 100);
INSERT INTO EMPLOYEES (EMPLOYEE_ID, FIRST_NAME, LAST_NAME, EMAIL, PHONE_NUMBER, HIRE_DATE, JOB_ID, SALARY, COMMISSION_PCT, MANAGER_ID, DEPARTMENT_ID) VALUES (111, 'Ismael', 'Sciarra', 'ISCIARRA', '515.127.4564', TO_DATE('1997-09-30', 'YYYY-MM-DD'), 'FI_ACCOUNT', 7700, NULL, 108, 100);
INSERT INTO EMPLOYEES (EMPLOYEE_ID, FIRST_NAME, LAST_NAME, EMAIL, PHONE_NUMBER, HIRE_DATE, JOB_ID, SALARY, COMMISSION_PCT, MANAGER_ID, DEPARTMENT_ID) VALUES (112, 'Jose Manuel', 'Urman', 'JMURMAN', '515.127.4565', TO_DATE('1998-03-07', 'YYYY-MM-DD'), 'FI_ACCOUNT', 7800, NULL, 108, 100);
INSERT INTO EMPLOYEES (EMPLOYEE_ID, FIRST_NAME, LAST_NAME, EMAIL, PHONE_NUMBER, HIRE_DATE, JOB_ID, SALARY, COMMISSION_PCT, MANAGER_ID, DEPARTMENT_ID) VALUES (113, 'Luis', 'Popp', 'LPOPP', '515.127.4566', TO_DATE('1999-12-07', 'YYYY-MM-DD'), 'FI_ACCOUNT', 6900, NULL, 108, 100);
INSERT INTO EMPLOYEES (EMPLOYEE_ID, FIRST_NAME, LAST_NAME, EMAIL, PHONE_NUMBER, HIRE_DATE, JOB_ID, SALARY, COMMISSION_PCT, MANAGER_ID, DEPARTMENT_ID) VALUES (114, 'Den', 'Raphaely', 'DRAPHEAL', '515.127.4567', TO_DATE('2002-12-07', 'YYYY-MM-DD'), 'PU_MAN', 11000, NULL, 100, 30);
INSERT INTO EMPLOYEES (EMPLOYEE_ID, FIRST_NAME, LAST_NAME, EMAIL, PHONE_NUMBER, HIRE_DATE, JOB_ID, SALARY, COMMISSION_PCT, MANAGER_ID, DEPARTMENT_ID) VALUES (115, 'Alexander', 'Khoo', 'AKHOO', '515.127.4568', TO_DATE('2003-05-18', 'YYYY-MM-DD'), 'PU_CLERK', 3100, NULL, 114, 30);
INSERT INTO EMPLOYEES (EMPLOYEE_ID, FIRST_NAME, LAST_NAME, EMAIL, PHONE_NUMBER, HIRE_DATE, JOB_ID, SALARY, COMMISSION_PCT, MANAGER_ID, DEPARTMENT_ID) VALUES (116, 'Shelli', 'Baida', 'SBAIDA', '515.127.4569', TO_DATE('2005-12-24', 'YYYY-MM-DD'), 'PU_CLERK', 2900, NULL, 114, 30);
INSERT INTO EMPLOYEES (EMPLOYEE_ID, FIRST_NAME, LAST_NAME, EMAIL, PHONE_NUMBER, HIRE_DATE, JOB_ID, SALARY, COMMISSION_PCT, MANAGER_ID, DEPARTMENT_ID) VALUES (117, 'Sigal', 'Tobias', 'STOBIAS', '515.127.4570', TO_DATE('2005-07-24', 'YYYY-MM-DD'), 'PU_CLERK', 2800, NULL, 114, 30);
INSERT INTO EMPLOYEES (EMPLOYEE_ID, FIRST_NAME, LAST_NAME, EMAIL, PHONE_NUMBER, HIRE_DATE, JOB_ID, SALARY, COMMISSION_PCT, MANAGER_ID, DEPARTMENT_ID) VALUES (118, 'Guy', 'Himuro', 'GHIMURO', '515.127.4571', TO_DATE('2006-11-15', 'YYYY-MM-DD'), 'PU_CLERK', 2600, NULL, 114, 30);
INSERT INTO EMPLOYEES (EMPLOYEE_ID, FIRST_NAME, LAST_NAME, EMAIL, PHONE_NUMBER, HIRE_DATE, JOB_ID, SALARY, COMMISSION_PCT, MANAGER_ID, DEPARTMENT_ID) VALUES (119, 'Karen', 'Colmenares', 'KCOLMENA', '515.127.4572', TO_DATE('2007-08-10', 'YYYY-MM-DD'), 'PU_CLERK', 2500, NULL, 114, 30);
INSERT INTO EMPLOYEES (EMPLOYEE_ID, FIRST_NAME, LAST_NAME, EMAIL, PHONE_NUMBER, HIRE_DATE, JOB_ID, SALARY, COMMISSION_PCT, MANAGER_ID, DEPARTMENT_ID) VALUES (120, 'Matthew', 'Weiss', 'MWEISS', '515.127.4573', TO_DATE('2004-07-18', 'YYYY-MM-DD'), 'ST_MAN', 8000, NULL, 100, 50);
INSERT INTO EMPLOYEES (EMPLOYEE_ID, FIRST_NAME, LAST_NAME, EMAIL, PHONE_NUMBER, HIRE_DATE, JOB_ID, SALARY, COMMISSION_PCT, MANAGER_ID, DEPARTMENT_ID) VALUES (121, 'Adam', 'Fripp', 'AFRIPP', '515.127.4574', TO_DATE('2005-04-10', 'YYYY-MM-DD'), 'ST_MAN', 8200, NULL, 100, 50);
INSERT INTO EMPLOYEES (EMPLOYEE_ID, FIRST_NAME, LAST_NAME, EMAIL, PHONE_NUMBER, HIRE_DATE, JOB_ID, SALARY, COMMISSION_PCT, MANAGER_ID, DEPARTMENT_ID) VALUES (122, 'Payam', 'Kaufling', 'PKAUFLIN', '515.127.4575', TO_DATE('2003-05-01', 'YYYY-MM-DD'), 'ST_CLERK', 2700, NULL, 120, 50);
INSERT INTO EMPLOYEES (EMPLOYEE_ID, FIRST_NAME, LAST_NAME, EMAIL, PHONE_NUMBER, HIRE_DATE, JOB_ID, SALARY, COMMISSION_PCT, MANAGER_ID, DEPARTMENT_ID) VALUES (123, 'Shanta', 'Vollman', 'SVOLLMAN', '515.127.4576', TO_DATE('2005-10-10', 'YYYY-MM-DD'), 'ST_CLERK', 2500, NULL, 120, 50);
INSERT INTO EMPLOYEES (EMPLOYEE_ID, FIRST_NAME, LAST_NAME, EMAIL, PHONE_NUMBER, HIRE_DATE, JOB_ID, SALARY, COMMISSION_PCT, MANAGER_ID, DEPARTMENT_ID) VALUES (124, 'Kevin', 'Mourgos', 'KMOURGOS', '515.127.4577', TO_DATE('2006-11-16', 'YYYY-MM-DD'), 'ST_CLERK', 2400, NULL, 120, 50);
INSERT INTO EMPLOYEES (EMPLOYEE_ID, FIRST_NAME, LAST_NAME, EMAIL, PHONE_NUMBER, HIRE_DATE, JOB_ID, SALARY, COMMISSION_PCT, MANAGER_ID, DEPARTMENT_ID) VALUES (125, 'Julia', 'Nayer', 'JNAYER', '515.127.4578', TO_DATE('2006-07-16', 'YYYY-MM-DD'), 'ST_CLERK', 2300, NULL, 120, 50);
INSERT INTO EMPLOYEES (EMPLOYEE_ID, FIRST_NAME, LAST_NAME, EMAIL, PHONE_NUMBER, HIRE_DATE, JOB_ID, SALARY, COMMISSION_PCT, MANAGER_ID, DEPARTMENT_ID) VALUES (126, 'Irene', 'Mikkilineni', 'IMIKKILI', '515.127.4579', TO_DATE('2007-09-28', 'YYYY-MM-DD'), 'ST_CLERK', 2200, NULL, 120, 50);

COMMIT;

COMMIT;
CREATE TABLE DEPARTMENTS (
    DEPARTMENT_ID NUMBER PRIMARY KEY,
    DEPARTMENT_NAME VARCHAR2(50),
    MANAGER_ID NUMBER,
    LOCATION_ID NUMBER
);

-- 데이터 삽입
-- DEPARTMENTS 테이블 데이터 추가
INSERT INTO departments (department_id, department_name, manager_id, location_id) VALUES (10, 'Administration', 200, 1700);
INSERT INTO departments (department_id, department_name, manager_id, location_id) VALUES (20, 'Marketing', 201, 1800);
INSERT INTO departments (department_id, department_name, manager_id, location_id) VALUES (30, 'Purchasing', 114, 1700);
INSERT INTO departments (department_id, department_name, manager_id, location_id) VALUES (40, 'Human Resources', 203, 2400);
INSERT INTO DEPARTMENTS (DEPARTMENT_ID, DEPARTMENT_NAME, MANAGER_ID, LOCATION_ID) VALUES (50, 'Shipping', 124, 1500);
INSERT INTO DEPARTMENTS (DEPARTMENT_ID, DEPARTMENT_NAME, MANAGER_ID, LOCATION_ID) VALUES (60, 'IT', 103, 1700);
INSERT INTO DEPARTMENTS (DEPARTMENT_ID, DEPARTMENT_NAME, MANAGER_ID, LOCATION_ID) VALUES (70, 'Public Relations', 204, 2700);
INSERT INTO DEPARTMENTS (DEPARTMENT_ID, DEPARTMENT_NAME, MANAGER_ID, LOCATION_ID) VALUES (80, 'Sales', 145, 2400);
INSERT INTO DEPARTMENTS (DEPARTMENT_ID, DEPARTMENT_NAME, MANAGER_ID, LOCATION_ID) VALUES (90, 'Executive', 100, 1700);
INSERT INTO DEPARTMENTS (DEPARTMENT_ID, DEPARTMENT_NAME, MANAGER_ID, LOCATION_ID) VALUES (100, 'Finance', 108, 1700);
INSERT INTO DEPARTMENTS (DEPARTMENT_ID, DEPARTMENT_NAME, MANAGER_ID, LOCATION_ID) VALUES (110, 'Accounting', 205, 1700);
INSERT INTO DEPARTMENTS (DEPARTMENT_ID, DEPARTMENT_NAME, MANAGER_ID, LOCATION_ID) VALUES (120, 'Treasury', NULL, 1700);
INSERT INTO DEPARTMENTS (DEPARTMENT_ID, DEPARTMENT_NAME, MANAGER_ID, LOCATION_ID) VALUES (130, 'Corporate Tax', NULL, 1700);
INSERT INTO DEPARTMENTS (DEPARTMENT_ID, DEPARTMENT_NAME, MANAGER_ID, LOCATION_ID) VALUES (140, 'Control And Credit', NULL, 1700);
INSERT INTO DEPARTMENTS (DEPARTMENT_ID, DEPARTMENT_NAME, MANAGER_ID, LOCATION_ID) VALUES (150, 'Shareholder Services', NULL, 1700);
INSERT INTO DEPARTMENTS (DEPARTMENT_ID, DEPARTMENT_NAME, MANAGER_ID, LOCATION_ID) VALUES (160, 'Benefits', NULL, 1700);
INSERT INTO DEPARTMENTS (DEPARTMENT_ID, DEPARTMENT_NAME, MANAGER_ID, LOCATION_ID) VALUES (170, 'Manufacturing', NULL, 1700);
INSERT INTO DEPARTMENTS (DEPARTMENT_ID, DEPARTMENT_NAME, MANAGER_ID, LOCATION_ID) VALUES (180, 'Construction', NULL, 1700);
INSERT INTO DEPARTMENTS (DEPARTMENT_ID, DEPARTMENT_NAME, MANAGER_ID, LOCATION_ID) VALUES (190, 'Contracting', NULL, 1700);
INSERT INTO DEPARTMENTS (DEPARTMENT_ID, DEPARTMENT_NAME, MANAGER_ID, LOCATION_ID) VALUES (200, 'Operations', NULL, 1700);
INSERT INTO DEPARTMENTS (DEPARTMENT_ID, DEPARTMENT_NAME, MANAGER_ID, LOCATION_ID) VALUES (210, 'IT Support', NULL, 1700);
INSERT INTO DEPARTMENTS (DEPARTMENT_ID, DEPARTMENT_NAME, MANAGER_ID, LOCATION_ID) VALUES (220, 'NOC', NULL, 1700);
INSERT INTO DEPARTMENTS (DEPARTMENT_ID, DEPARTMENT_NAME, MANAGER_ID, LOCATION_ID) VALUES (230, 'Training', NULL, 1700);
INSERT INTO DEPARTMENTS (DEPARTMENT_ID, DEPARTMENT_NAME, MANAGER_ID, LOCATION_ID) VALUES (240, 'Support', NULL, 1700);

COMMIT;

COMMIT;
CREATE TABLE JOBS (
    JOB_ID VARCHAR2(10) PRIMARY KEY,
    JOB_TITLE VARCHAR2(50),
    MIN_SALARY NUMBER,
    MAX_SALARY NUMBER
);

-- 데이터 삽입
INSERT INTO jobs (job_id, job_title, min_salary, max_salary) VALUES ('AD_ASST', 'Administration Assistant', 3000, 6000);
INSERT INTO jobs (job_id, job_title, min_salary, max_salary) VALUES ('FI_MGR', 'Finance Manager', 8200, 16000);
INSERT INTO jobs (job_id, job_title, min_salary, max_salary) VALUES ('FI_ACCOUNT', 'Accountant', 4200, 9000);
INSERT INTO jobs (job_id, job_title, min_salary, max_salary) VALUES ('AC_MGR', 'Accounting Manager', 8200, 16000);
INSERT INTO jobs (job_id, job_title, min_salary, max_salary) VALUES ('AC_ACCOUNT', 'Public Accountant', 4200, 9000);
INSERT INTO jobs (job_id, job_title, min_salary, max_salary) VALUES ('SA_MAN', 'Sales Manager', 10000, 20000);
INSERT INTO jobs (job_id, job_title, min_salary, max_salary) VALUES ('SA_REP', 'Sales Representative', 6000, 12000);
INSERT INTO jobs (job_id, job_title, min_salary, max_salary) VALUES ('MK_MAN', 'Marketing Manager', 9000, 15000);
INSERT INTO jobs (job_id, job_title, min_salary, max_salary) VALUES ('MK_REP', 'Marketing Representative', 4000, 9000);
INSERT INTO JOBS (JOB_ID, JOB_TITLE, MIN_SALARY, MAX_SALARY) VALUES ('AD_PRES', 'President', 20000, 40000);
INSERT INTO JOBS (JOB_ID, JOB_TITLE, MIN_SALARY, MAX_SALARY) VALUES ('AD_VP', 'Administration Vice President', 15000, 30000);
INSERT INTO JOBS (JOB_ID, JOB_TITLE, MIN_SALARY, MAX_SALARY) VALUES ('IT_PROG', 'Programmer', 4000, 10000);

COMMIT;
CREATE TABLE LOCATIONS (
    LOCATION_ID NUMBER PRIMARY KEY,
    STREET_ADDRESS VARCHAR2(100),
    POSTAL_CODE VARCHAR2(20),
    CITY VARCHAR2(50),
    STATE_PROVINCE VARCHAR2(50),
    COUNTRY_ID VARCHAR2(2)
);

-- 데이터 삽입
-- LOCATIONS 테이블 데이터 추가
-- LOCATIONS 테이블 데이터 추가
INSERT INTO LOCATIONS (LOCATION_ID, STREET_ADDRESS, POSTAL_CODE, CITY, STATE_PROVINCE, COUNTRY_ID) VALUES (1000, '1297 Via Cola di Rie', '00989', 'Roma', NULL, 'IT');
INSERT INTO LOCATIONS (LOCATION_ID, STREET_ADDRESS, POSTAL_CODE, CITY, STATE_PROVINCE, COUNTRY_ID) VALUES (1100, '93091 Calle della Testa', '10934', 'Venice', NULL, 'IT');
INSERT INTO LOCATIONS (LOCATION_ID, STREET_ADDRESS, POSTAL_CODE, CITY, STATE_PROVINCE, COUNTRY_ID) VALUES (1200, '2017 Shinjuku-ku', '1689', 'Tokyo', 'Tokyo Prefecture', 'JP');
INSERT INTO LOCATIONS (LOCATION_ID, STREET_ADDRESS, POSTAL_CODE, CITY, STATE_PROVINCE, COUNTRY_ID) VALUES (1300, '9450 Kamiya-cho', '6823', 'Hiroshima', NULL, 'JP');
INSERT INTO LOCATIONS (LOCATION_ID, STREET_ADDRESS, POSTAL_CODE, CITY, STATE_PROVINCE, COUNTRY_ID) VALUES (1400, '2014 Jabberwocky Rd', '26192', 'Southlake', 'Texas', 'US');
INSERT INTO LOCATIONS (LOCATION_ID, STREET_ADDRESS, POSTAL_CODE, CITY, STATE_PROVINCE, COUNTRY_ID) VALUES (1500, '2011 Interiors Blvd', '38133', 'South San Francisco', 'California', 'US');
INSERT INTO LOCATIONS (LOCATION_ID, STREET_ADDRESS, POSTAL_CODE, CITY, STATE_PROVINCE, COUNTRY_ID) VALUES (1600, '2007 Zagora St', '50090', 'South Brisbane', 'Queensland', 'AU');
INSERT INTO LOCATIONS (LOCATION_ID, STREET_ADDRESS, POSTAL_CODE, CITY, STATE_PROVINCE, COUNTRY_ID) VALUES (1700, '2004 Charade Rd', '98199', 'Seattle', 'Washington', 'US');
INSERT INTO LOCATIONS (LOCATION_ID, STREET_ADDRESS, POSTAL_CODE, CITY, STATE_PROVINCE, COUNTRY_ID) VALUES (1800, '2011 Interiors Blvd', '38133', 'South San Francisco', 'California', 'US');
INSERT INTO LOCATIONS (LOCATION_ID, STREET_ADDRESS, POSTAL_CODE, CITY, STATE_PROVINCE, COUNTRY_ID) VALUES (1900, '2007 Zagora St', '50090', 'South Brisbane', 'Queensland', 'AU');
INSERT INTO LOCATIONS (LOCATION_ID, STREET_ADDRESS, POSTAL_CODE, CITY, STATE_PROVINCE, COUNTRY_ID) VALUES (2000, '1297 Via Cola di Rie', '00989', 'Roma', NULL, 'IT');
INSERT INTO LOCATIONS (LOCATION_ID, STREET_ADDRESS, POSTAL_CODE, CITY, STATE_PROVINCE, COUNTRY_ID) VALUES (2100, '93091 Calle della Testa', '10934', 'Venice', NULL, 'IT');
INSERT INTO LOCATIONS (LOCATION_ID, STREET_ADDRESS, POSTAL_CODE, CITY, STATE_PROVINCE, COUNTRY_ID) VALUES (2200, '2017 Shinjuku-ku', '1689', 'Tokyo', 'Tokyo Prefecture', 'JP');
INSERT INTO LOCATIONS (LOCATION_ID, STREET_ADDRESS, POSTAL_CODE, CITY, STATE_PROVINCE, COUNTRY_ID) VALUES (2300, '9450 Kamiya-cho', '6823', 'Hiroshima', NULL, 'JP');
INSERT INTO LOCATIONS (LOCATION_ID, STREET_ADDRESS, POSTAL_CODE, CITY, STATE_PROVINCE, COUNTRY_ID) VALUES (2400, '2014 Jabberwocky Rd', '26192', 'Southlake', 'Texas', 'US');
INSERT INTO LOCATIONS (LOCATION_ID, STREET_ADDRESS, POSTAL_CODE, CITY, STATE_PROVINCE, COUNTRY_ID) VALUES (2500, '2011 Interiors Blvd', '38133', 'South San Francisco', 'California', 'US');
INSERT INTO LOCATIONS (LOCATION_ID, STREET_ADDRESS, POSTAL_CODE, CITY, STATE_PROVINCE, COUNTRY_ID) VALUES (2600, '2007 Zagora St', '50090', 'South Brisbane', 'Queensland', 'AU');
INSERT INTO LOCATIONS (LOCATION_ID, STREET_ADDRESS, POSTAL_CODE, CITY, STATE_PROVINCE, COUNTRY_ID) VALUES (2700, '2004 Charade Rd', '98199', 'Seattle', 'Washington', 'US');
INSERT INTO LOCATIONS (LOCATION_ID, STREET_ADDRESS, POSTAL_CODE, CITY, STATE_PROVINCE, COUNTRY_ID) VALUES (2800, '2011 Interiors Blvd', '38133', 'South San Francisco', 'California', 'US');
INSERT INTO LOCATIONS (LOCATION_ID, STREET_ADDRESS, POSTAL_CODE, CITY, STATE_PROVINCE, COUNTRY_ID) VALUES (2900, '2007 Zagora St', '50090', 'South Brisbane', 'Queensland', 'AU');

COMMIT;

COMMIT;
CREATE TABLE COUNTRIES (
    COUNTRY_ID VARCHAR2(2) PRIMARY KEY,
    COUNTRY_NAME VARCHAR2(50),
    REGION_ID NUMBER
);

-- 데이터 삽입
-- COUNTRIES 테이블 데이터 추가
INSERT INTO COUNTRIES (COUNTRY_ID, COUNTRY_NAME, REGION_ID) VALUES ('IT', 'Italy', 1);
INSERT INTO COUNTRIES (COUNTRY_ID, COUNTRY_NAME, REGION_ID) VALUES ('JP', 'Japan', 1);
INSERT INTO COUNTRIES (COUNTRY_ID, COUNTRY_NAME, REGION_ID) VALUES ('AU', 'Australia', 1);
INSERT INTO COUNTRIES (COUNTRY_ID, COUNTRY_NAME, REGION_ID) VALUES ('US', 'United States', 2);
INSERT INTO COUNTRIES (COUNTRY_ID, COUNTRY_NAME, REGION_ID) VALUES ('CA', 'Canada', 2);
INSERT INTO COUNTRIES (COUNTRY_ID, COUNTRY_NAME, REGION_ID) VALUES ('DE', 'Germany', 3);
INSERT INTO COUNTRIES (COUNTRY_ID, COUNTRY_NAME, REGION_ID) VALUES ('UK', 'United Kingdom', 3);
INSERT INTO COUNTRIES (COUNTRY_ID, COUNTRY_NAME, REGION_ID) VALUES ('FR', 'France', 3);
INSERT INTO COUNTRIES (COUNTRY_ID, COUNTRY_NAME, REGION_ID) VALUES ('CN', 'China', 4);
INSERT INTO COUNTRIES (COUNTRY_ID, COUNTRY_NAME, REGION_ID) VALUES ('IN', 'India', 4);
INSERT INTO COUNTRIES (COUNTRY_ID, COUNTRY_NAME, REGION_ID) VALUES ('RU', 'Russia', 4);
INSERT INTO COUNTRIES (COUNTRY_ID, COUNTRY_NAME, REGION_ID) VALUES ('BR', 'Brazil', 5);
INSERT INTO COUNTRIES (COUNTRY_ID, COUNTRY_NAME, REGION_ID) VALUES ('MX', 'Mexico', 5);
INSERT INTO COUNTRIES (COUNTRY_ID, COUNTRY_NAME, REGION_ID) VALUES ('ZA', 'South Africa', 6);
INSERT INTO COUNTRIES (COUNTRY_ID, COUNTRY_NAME, REGION_ID) VALUES ('EG', 'Egypt', 6);
INSERT INTO COUNTRIES (COUNTRY_ID, COUNTRY_NAME, REGION_ID) VALUES ('NG', 'Nigeria', 6);
INSERT INTO COUNTRIES (COUNTRY_ID, COUNTRY_NAME, REGION_ID) VALUES ('AR', 'Argentina', 5);
INSERT INTO COUNTRIES (COUNTRY_ID, COUNTRY_NAME, REGION_ID) VALUES ('CL', 'Chile', 5);
INSERT INTO COUNTRIES (COUNTRY_ID, COUNTRY_NAME, REGION_ID) VALUES ('CO', 'Colombia', 5);
INSERT INTO COUNTRIES (COUNTRY_ID, COUNTRY_NAME, REGION_ID) VALUES ('KR', 'South Korea', 4);

COMMIT;

COMMIT;
CREATE TABLE REGIONS (
    REGION_ID NUMBER PRIMARY KEY,
    REGION_NAME VARCHAR2(50)
);

-- 데이터 삽입
-- REGIONS 테이블 데이터 추가
INSERT INTO REGIONS (REGION_ID, REGION_NAME) VALUES (1, 'Europe');
INSERT INTO REGIONS (REGION_ID, REGION_NAME) VALUES (2, 'Americas');
INSERT INTO REGIONS (REGION_ID, REGION_NAME) VALUES (3, 'Asia');
INSERT INTO REGIONS (REGION_ID, REGION_NAME) VALUES (4, 'Africa');
INSERT INTO REGIONS (REGION_ID, REGION_NAME) VALUES (5, 'Middle East');
INSERT INTO REGIONS (REGION_ID, REGION_NAME) VALUES (6, 'Oceania');

COMMIT;
-- BONUS2 테이블 생성
CREATE TABLE BONUS2 (
    BONUS_ID NUMBER PRIMARY KEY,
    EMPLOYEE_ID NUMBER,
    BONUS_AMOUNT NUMBER,
    BONUS_DATE DATE,
    CONSTRAINT fk_employee
      FOREIGN KEY (EMPLOYEE_ID) REFERENCES EMPLOYEES (EMPLOYEE_ID)
);

-- BONUS2 테이블 데이터 삽입
INSERT INTO BONUS2 (BONUS_ID, EMPLOYEE_ID, BONUS_AMOUNT, BONUS_DATE) VALUES (1, 100, 5000, TO_DATE('2023-01-15', 'YYYY-MM-DD'));
INSERT INTO BONUS2 (BONUS_ID, EMPLOYEE_ID, BONUS_AMOUNT, BONUS_DATE) VALUES (2, 101, 4000, TO_DATE('2023-02-15', 'YYYY-MM-DD'));
INSERT INTO BONUS2 (BONUS_ID, EMPLOYEE_ID, BONUS_AMOUNT, BONUS_DATE) VALUES (3, 102, 3500, TO_DATE('2023-03-15', 'YYYY-MM-DD'));
INSERT INTO BONUS2 (BONUS_ID, EMPLOYEE_ID, BONUS_AMOUNT, BONUS_DATE) VALUES (4, 103, 3000, TO_DATE('2023-04-15', 'YYYY-MM-DD'));
INSERT INTO BONUS2 (BONUS_ID, EMPLOYEE_ID, BONUS_AMOUNT, BONUS_DATE) VALUES (5, 104, 4500, TO_DATE('2023-05-15', 'YYYY-MM-DD'));
INSERT INTO BONUS2 (BONUS_ID, EMPLOYEE_ID, BONUS_AMOUNT, BONUS_DATE) VALUES (6, 105, 3200, TO_DATE('2023-06-15', 'YYYY-MM-DD'));
INSERT INTO BONUS2 (BONUS_ID, EMPLOYEE_ID, BONUS_AMOUNT, BONUS_DATE) VALUES (7, 106, 2700, TO_DATE('2023-07-15', 'YYYY-MM-DD'));
INSERT INTO BONUS2 (BONUS_ID, EMPLOYEE_ID, BONUS_AMOUNT, BONUS_DATE) VALUES (8, 107, 2900, TO_DATE('2023-08-15', 'YYYY-MM-DD'));
INSERT INTO BONUS2 (BONUS_ID, EMPLOYEE_ID, BONUS_AMOUNT, BONUS_DATE) VALUES (9, 108, 3100, TO_DATE('2023-09-15', 'YYYY-MM-DD'));
INSERT INTO BONUS2 (BONUS_ID, EMPLOYEE_ID, BONUS_AMOUNT, BONUS_DATE) VALUES (10, 109, 3300, TO_DATE('2023-10-15', 'YYYY-MM-DD'));
INSERT INTO BONUS2 (BONUS_ID, EMPLOYEE_ID, BONUS_AMOUNT, BONUS_DATE) VALUES (11, 110, 2800, TO_DATE('2023-11-15', 'YYYY-MM-DD'));
INSERT INTO BONUS2 (BONUS_ID, EMPLOYEE_ID, BONUS_AMOUNT, BONUS_DATE) VALUES (12, 111, 2600, TO_DATE('2023-12-15', 'YYYY-MM-DD'));
INSERT INTO BONUS2 (BONUS_ID, EMPLOYEE_ID, BONUS_AMOUNT, BONUS_DATE) VALUES (13, 112, 4000, TO_DATE('2024-01-15', 'YYYY-MM-DD'));
INSERT INTO BONUS2 (BONUS_ID, EMPLOYEE_ID, BONUS_AMOUNT, BONUS_DATE) VALUES (14, 113, 3700, TO_DATE('2024-02-15', 'YYYY-MM-DD'));
INSERT INTO BONUS2 (BONUS_ID, EMPLOYEE_ID, BONUS_AMOUNT, BONUS_DATE) VALUES (15, 114, 3600, TO_DATE('2024-03-15', 'YYYY-MM-DD'));
INSERT INTO BONUS2 (BONUS_ID, EMPLOYEE_ID, BONUS_AMOUNT, BONUS_DATE) VALUES (16, 115, 3400, TO_DATE('2024-04-15', 'YYYY-MM-DD'));
INSERT INTO BONUS2 (BONUS_ID, EMPLOYEE_ID, BONUS_AMOUNT, BONUS_DATE) VALUES (17, 116, 3300, TO_DATE('2024-05-15', 'YYYY-MM-DD'));
INSERT INTO BONUS2 (BONUS_ID, EMPLOYEE_ID, BONUS_AMOUNT, BONUS_DATE) VALUES (18, 117, 3100, TO_DATE('2024-06-15', 'YYYY-MM-DD'));
INSERT INTO BONUS2 (BONUS_ID, EMPLOYEE_ID, BONUS_AMOUNT, BONUS_DATE) VALUES (19, 118, 3000, TO_DATE('2024-07-15', 'YYYY-MM-DD'));
INSERT INTO BONUS2 (BONUS_ID, EMPLOYEE_ID, BONUS_AMOUNT, BONUS_DATE) VALUES (20, 119, 3200, TO_DATE('2024-08-15', 'YYYY-MM-DD'));
INSERT INTO BONUS2 (BONUS_ID, EMPLOYEE_ID, BONUS_AMOUNT, BONUS_DATE) VALUES (21, 120, 3500, TO_DATE('2024-09-15', 'YYYY-MM-DD'));
INSERT INTO BONUS2 (BONUS_ID, EMPLOYEE_ID, BONUS_AMOUNT, BONUS_DATE) VALUES (22, 121, 3700, TO_DATE('2024-10-15', 'YYYY-MM-DD'));
INSERT INTO BONUS2 (BONUS_ID, EMPLOYEE_ID, BONUS_AMOUNT, BONUS_DATE) VALUES (23, 122, 3600, TO_DATE('2024-11-15', 'YYYY-MM-DD'));
INSERT INTO BONUS2 (BONUS_ID, EMPLOYEE_ID, BONUS_AMOUNT, BONUS_DATE) VALUES (24, 123, 3400, TO_DATE('2024-12-15', 'YYYY-MM-DD'));
INSERT INTO BONUS2 (BONUS_ID, EMPLOYEE_ID, BONUS_AMOUNT, BONUS_DATE) VALUES (25, 124, 3300, TO_DATE('2025-01-15', 'YYYY-MM-DD'));

COMMIT;
